sd,,,,,,,,,,,,,,,,,,,,,,,,,,,,,,,,,,,,,,,values,,,,,,,,,,,,,,,,,,,,,,,,,,,,,,,,,,,,,,,lon,lat,years,days,hours
9,9,9,9,9,9,9,9,9,9,9,9,9,9,9,9,9,9,9,9,9,9,9,9,9,9,9,9,9,9,9,9,9,9,9,9,9,9,9,NaN,23.121135860482,345.833168339851,84.8957071021335,131.324430567994,541.433524467533,650.994696657545,261.873280825436,350.189885274359,1003.64580199115,1490.34977289429,251.990771595497,126.081966276644,81.0158652081491,66.1373796768844,94.8251579434682,110.269068299352,136.418584582701,75.5906690836089,67.3846231809979,105.441951667122,206.693466776777,103.071126000643,81.7932867667849,NaN,58.2723391600197,79.4524469147304,67.5344195732207,44.5629760600492,12.5093051707374,43.190875894435,5.24034263419957,47.7191001918561,NaN,NaN,NaN,NaN,NaN,NaN,-0.357,37.421,1961,1,0
9,9,9,9,9,9,9,9,9,9,9,9,9,9,9,9,9,9,9,9,9,9,9,9,9,9,9,9,9,9,9,9,9,9,9,9,9,9,9,NaN,NaN,73.6550431802073,7,NaN,29.9728650389038,159.337428542394,377.064726281584,468.753193770242,1352.723942418,1184.47799047489,261.354635444365,142.421441010738,150.792135430096,161.640914763104,247.011933775425,231.978040036277,128.093541957274,104.647175081802,107.061419056375,157.461904385998,206.124279263265,133.847994500466,103.282341950653,85.2683284104543,32.9780055166494,54.9095204973702,26.9604769310448,48.8013645596486,36.4157322709999,NaN,NaN,NaN,NaN,NaN,NaN,NaN,NaN,NaN,0.432898734177215,37.9419487179487,1990,365,24
9,9,9,9,9,9,9,9,9,9,9,9,9,9,9,9,9,9,9,9,9,9,9,9,9,9,9,9,9,9,9,9,9,9,9,9,9,9,9,NaN,NaN,82.7754811477495,124.219967422711,NaN,NaN,NaN,348.796148837402,589.999617630392,1568.24054503774,1010.33984763883,227.880849605753,176.417444369921,281.496870348388,283.835327952133,461.244313707129,442.321464940333,229.91039626588,137.03955420722,104.47636847223,131.804496034855,145.929634983769,109.382809951369,162.207741199784,64.5882919588702,77.3018423355429,27.6824976511017,1.21963702611611,16.9461554136343,6.52964612016984,NaN,NaN,NaN,NaN,NaN,NaN,NaN,NaN,NaN,1.22279746835443,38.4628974358974,,,
9,9,9,9,9,9,9,9,9,9,9,9,9,9,9,9,9,9,9,9,9,9,9,9,9,9,9,9,9,9,9,9,9,9,9,9,9,9,9,NaN,NaN,NaN,81.9366564870201,256.397162545226,NaN,NaN,134.824599658481,500.163464151769,1038.41791833038,534.939365212507,398.656691211459,468.585339907819,530.500482910077,755.845463948268,762.354960221787,583.408048708789,281.66221470942,173.710936129999,167.822928396063,113.157509351238,97.0851762467734,85.4542464426967,103.915109781915,108.894723158232,50.0932626527499,2.6507436928884,NaN,NaN,NaN,NaN,NaN,NaN,NaN,NaN,NaN,NaN,NaN,NaN,2.01269620253165,38.9838461538462,,,
9,9,9,9,9,9,9,9,9,9,9,9,9,9,9,9,9,9,9,9,9,9,9,9,9,9,9,9,9,9,9,9,9,9,9,9,9,9,9,NaN,NaN,NaN,75.7402730929591,148.269720160799,NaN,NaN,NaN,122.360185233101,151.295783933392,81.0173774617842,179.564112291502,674.043574482953,930.353600952755,996.797382196787,770.177960362451,444.303578461728,276.311829891521,229.955084884323,217.716510826813,148.059756384597,126.106178630548,130.438992120909,88.8088628092988,82.2333578184638,29.497323973707,9.01724447759777,1.07977947680127,NaN,NaN,NaN,NaN,NaN,NaN,NaN,NaN,NaN,NaN,NaN,2.80259493670886,39.5047948717949,,,
9,9,9,9,9,9,9,9,9,9,9,9,9,9,9,9,9,9,9,9,9,9,9,9,9,9,9,9,9,9,9,9,9,9,9,9,9,9,9,NaN,NaN,NaN,NaN,73.7965169169581,35.076909261747,NaN,NaN,NaN,NaN,NaN,43.6444812974791,230.594956885133,738.533210199018,986.114081947162,745.668005840363,519.04480284718,298.323660693145,394.774469915156,274.20141913301,181.007322786689,133.14928981735,140.50328912526,136.521911630006,171.952272741289,64.6774559563375,4.57591898564595,0.859538992498284,1.90087287742477,NaN,NaN,NaN,NaN,NaN,NaN,NaN,NaN,NaN,NaN,3.59249367088608,40.0257435897436,,,
9,9,9,9,9,9,9,9,9,9,9,9,9,9,9,9,9,9,9,9,9,9,9,9,9,9,9,9,9,9,9,9,9,9,9,9,9,9,9,NaN,NaN,NaN,NaN,NaN,NaN,NaN,NaN,NaN,NaN,NaN,21.7583698642535,104.573853697974,287.975066951294,456.144983512602,438.715265679844,339.316250676498,270.659593675526,329.284195133006,391.804629748462,277.268743274816,164.137695126549,171.56706854294,227.008270526321,251.189456183414,104.182668405954,16.3537404586559,2.36919593179369,-1.2567584195919,-0.893583298293126,1.92412969405855,NaN,NaN,NaN,NaN,NaN,NaN,NaN,NaN,4.38239240506329,40.5466923076923,,,
9,9,9,9,9,9,9,9,9,9,9,9,9,9,9,9,9,9,9,9,9,9,9,9,9,9,9,9,9,9,9,9,9,9,9,9,9,9,9,NaN,NaN,NaN,NaN,NaN,NaN,NaN,NaN,NaN,NaN,70.3360327998094,321.702784553852,590.793880682021,935.073552011891,966.540091638325,517.12675141809,546.695972278955,482.848389012288,266.027998645239,270.896744134094,359.423096598247,314.274827317018,259.441505258828,343.499801903794,387.770931173598,155.524575660932,37.5915377182657,11.4397355829113,13.3030901539543,-0.953932781902153,1.06327505188023,NaN,NaN,NaN,NaN,NaN,NaN,NaN,NaN,5.17229113924051,41.067641025641,,,
9,9,9,9,9,9,9,9,9,9,9,9,9,9,9,9,9,9,9,9,9,9,9,9,9,9,9,9,9,9,9,9,9,9,9,9,9,9,9,NaN,NaN,NaN,NaN,NaN,NaN,NaN,NaN,NaN,NaN,44.9707253862225,291.071869503296,1024.01395405196,1524.67532210545,2070.56115976079,1410.95095340156,990.3005815228,787.638689463128,744.504252085218,345.26979776524,400.143572008091,272.826141786722,248.038145046889,298.578087990496,467.762697094778,292.573785036811,50.1416407928616,22.8391431603093,12.9630312116947,7.6802370196283,1.70593875458863,2.31074365630136,NaN,NaN,NaN,NaN,NaN,NaN,NaN,5.96218987341772,41.5885897435897,,,
9,9,9,9,9,9,9,9,9,9,9,9,9,9,9,9,9,9,9,9,9,9,9,9,9,9,9,9,9,9,9,9,9,9,9,9,9,9,9,NaN,NaN,NaN,NaN,NaN,NaN,NaN,NaN,NaN,NaN,NaN,181.963111489577,1121.08492494736,1610.13620747262,1362.05687799069,2134.02908822711,2003.20486549685,1237.00453329173,703.909865152449,443.431051702416,509.589116244662,358.295174583868,281.704626938801,393.996228734368,350.880765108449,189.384682590326,168.685562407553,65.3465232039233,43.0334210855402,15.8182029177759,1.9032597569512,2.52488699972499,NaN,NaN,NaN,NaN,NaN,NaN,NaN,6.75208860759494,42.1095384615385,,,
9,9,9,9,9,9,9,9,9,9,9,9,9,9,9,9,9,9,9,9,9,9,9,9,9,9,9,9,9,9,9,9,9,9,9,9,9,9,9,NaN,NaN,NaN,61.3414634146374,NaN,53.8350896465204,77.1881140106308,207.557904215398,NaN,NaN,NaN,NaN,763.79950317735,559.80899778495,229.679823991958,701.548761676846,2029.02250798807,1859.71287557915,774.043032741059,574.204300412054,509.797834127213,264.423356400645,246.382863261593,249.56126109608,288.029664513403,351.503491661851,371.423910628098,89.1984263968763,72.1293034347319,31.9549307173668,5.93800323649126,2.21633270149059,NaN,6.9204761317985,8.8868982209369,4.15115594704466,9.20322586951007,11.9750467386025,NaN,7.54198734177215,42.6304871794872,,,
9,9,9,9,9,9,9,9,9,9,9,9,9,9,9,9,9,9,9,9,9,9,9,9,9,9,9,9,9,9,9,9,9,9,9,9,9,9,9,168.692307692366,NaN,142.52395991991,209.163239768237,211.170864585009,417.296557444523,287.104202022966,209.895064084659,523.963692015091,826.146673753274,96.4186539150311,NaN,103.728846471702,427.108195262714,143.708935423517,175.478076339655,792.170349679348,1957.28768655312,1098.37574421689,531.776188427451,715.491913538963,528.256034846157,200.261513684163,221.266916915912,192.616667903567,283.025764433824,430.146568129447,197.180011647508,88.6373095193292,35.282850455368,8.99240900906214,5.52249239813142,3.46017321262469,8.36992885887139,25.8781529109096,34.7098660484051,26.0708283843425,12.0783741855874,NaN,8.33188607594937,43.1514358974359,,,
9,9,9,9,9,9,9,9,9,9,9,9,9,9,9,9,9,9,9,9,9,9,9,9,9,9,9,9,9,9,9,9,9,9,9,9,9,9,9,NaN,NaN,NaN,293.044151501208,535.432439524282,560.143039315581,371.673372002012,123.708391818383,641.824088436065,486.224227088972,278.296310027489,40.5950185279609,215.014738877937,718.709098411206,267.073101826301,143.748322742917,1087.19928496194,2021.69522703102,1371.47112174025,585.596479424806,627.765853309449,513.453394227925,338.247156022816,318.377092510878,345.078431188761,367.00383082352,295.040600274517,232.710852638984,108.277537954165,41.7858343919319,35.1464035362696,11.2348973989476,15.6528443999969,30.3566110405307,39.4598243157884,69.7861708686576,39.2478705310676,20.3887107031843,10.8851019320144,9.12178481012658,43.6723846153846,,,
9,9,9,9,9,9,9,9,9,9,9,9,9,9,9,9,9,9,9,9,9,9,9,9,9,9,9,9,9,9,9,9,9,9,9,9,9,9,9,NaN,NaN,NaN,NaN,NaN,NaN,NaN,NaN,NaN,84.8055555555007,119.483317743413,106.573778796291,409.392925841394,638.797504233531,45.9220768349566,237.994257979499,1502.66073191566,2263.73684697223,1980.19255550073,1035.90255018639,600.177291333587,510.396277471654,457.913820837406,326.124305080487,327.811481745033,438.848419713762,312.891819030072,313.637173321888,89.8196444671293,69.4659216783891,39.9366649238641,35.2695425525905,32.9217628982376,24.7061871104623,36.4653219477367,35.8017209074557,32.6437258285668,16.1907120043057,28.1540881243945,9.9116835443038,44.1933333333333,,,
9,9,9,9,9,9,9,9,9,9,9,9,9,9,9,9,9,9,9,9,9,9,9,9,9,9,9,9,9,9,9,9,9,9,9,9,9,9,9,NaN,NaN,NaN,NaN,NaN,NaN,NaN,NaN,NaN,87.6946394349969,213.8927439436,273.280557599585,414.603197228929,273.731979025354,10.2126511361643,311.411671027475,1092.78464198409,1541.96566785517,1951.45403886888,1100.51027581191,581.416612357651,448.907743867435,447.91293831345,371.399749167831,396.392514834335,467.855563412046,216.293810375805,259.136248770149,104.417376800188,49.7038893718016,31.6551893278063,38.3054120725524,22.2145502197333,6.85054427657712,23.3561989197532,14.749816807605,18.159729894401,1.54349423638795,3.53150237884487,10.701582278481,44.714282051282,,,
9,9,9,9,9,9,9,9,9,9,9,9,9,9,9,9,9,9,9,9,9,9,9,9,9,9,9,9,9,9,9,9,9,9,9,9,9,9,9,6.07593290562219,241.051822264019,NaN,NaN,NaN,NaN,NaN,NaN,124.667387842722,260.049439136174,417.310871865367,417.065743420234,561.039511346909,38.8591235417067,5.35193665025943,33.3705286311292,880.960915129569,1716.6032080043,1943.79205798557,1038.51109415078,529.143844518791,437.887671700933,445.515842322343,470.702101980566,563.684358390669,377.553091831128,173.026371469398,94.157782084054,59.291607224994,33.7070351869953,56.1716240389391,40.0490357511751,17.6780597086842,11.8166082931677,34.0782517468879,16.6723950116367,1.99296291115953,25.6100216841718,60.7631634405003,11.4914810126582,45.2352307692308,,,
9,9,9,9,9,9,9,9,9,9,9,9,9,9,9,9,9,9,9,9,9,9,9,9,9,9,9,9,9,9,9,9,9,9,9,9,9,9,9,165.847794167348,223.516364274699,NaN,NaN,NaN,NaN,92,69.1069612474377,253.364321914077,477.558442757985,559.558515089208,496.422985504171,214.288478555441,3.7075406563177,1.82266409891612,4.40732442735114,290.657602852012,1369.61670849766,1891.50016876152,1124.53311915648,477.039672261253,404.172093663402,502.902799774546,539.452580208145,636.70259312905,438.839824721157,169.680254710423,92.8731748140415,62.325582798585,39.2286500267572,72.3980566702774,36.1889377895623,14.3839241008721,23.0562304133518,12.019897350369,29.6619975108074,49.8857907579505,86.7092749142725,141.038659058736,12.2813797468354,45.7561794871795,,,
9,9,9,9,9,9,9,9,9,9,9,9,9,9,9,9,9,9,9,9,9,9,9,9,9,9,9,9,9,9,9,9,9,9,9,9,9,9,9,490.180553199355,370.90565323934,92.1000000000025,NaN,NaN,NaN,113.250000000008,271.811500465103,864.783036324419,1051.50695930811,638.713962896085,179.715502066812,48.3092018066985,NaN,131.618138302332,170.682869708442,301.383734354723,1128.63064402534,1678.25683462687,1129.35167862484,501.52242592953,514.679765138329,738.083294431874,462.451551045831,412.789814742713,507.382313049793,168.950414862286,92.6362977963606,45.1933929538535,54.0525023113525,72.6997298012898,23.0429828140399,9.26728309227236,1,42.4622415535976,85.0084377034467,130.852729805255,160.962025007072,214.944203061731,13.0712784810127,46.2771282051282,,,
9,9,9,9,9,9,9,9,9,9,9,9,9,9,9,9,9,9,9,9,9,9,9,9,9,9,9,9,9,9,9,9,9,9,9,9,9,9,9,654.442484631476,398.570569782999,344.899999999978,NaN,NaN,231.696408714387,174.306588360829,430.800507515258,883.13446111809,290.759807950117,75.4227451740693,NaN,NaN,52.679692953361,185.038448762404,634.744386370758,587.516393648343,849.124608554192,1298.13434997641,1198.87512019443,422.485419823237,674.306649790755,493.271216425858,440.408430455319,281.618908080028,332.292189673178,219.199459693072,84.2799930254076,56.9163300370018,44.2854308832937,34.7184069307354,8.21604495384037,1,NaN,47.4335831662095,47.3396251190554,119.420637568851,176.023821138841,241.796276541178,13.8611772151899,46.7980769230769,,,
9,9,9,9,9,9,9,9,9,9,9,9,9,9,9,9,9,9,9,9,9,9,9,9,9,9,9,9,9,9,9,9,9,9,9,9,9,9,9,624.610175522998,562.507999218916,292.743817960215,NaN,222.456006189205,452.617574027512,560.878184574069,468.183170541263,228.110123861887,57.9043219920738,NaN,NaN,56.1060146219505,519.432900952294,656.974227963519,539.102612554832,435.645510729264,718.107233296944,871.875668391038,1052.73218993881,513.43076808439,657.261293450529,527.071820694257,469.365358343417,242.145478238699,429.704360534749,215.534548107549,103.686091257394,76.5147349663739,53.7991853923845,48.1029954884641,30.5278609730326,2.89943650553239,56.967028992534,78.7111326878741,6.92133665017309,102.614625467391,209.400992009758,240.314979030355,14.6510759493671,47.3190256410256,,,
9,9,9,9,9,9,9,9,9,9,9,9,9,9,9,9,9,9,9,9,9,9,9,9,9,9,9,9,9,9,9,9,9,9,9,9,9,9,9,86.1598611510694,488.366443690281,278.741199422498,526.904610429345,659.985779046514,787.211969037831,574.07161947466,133.399400036122,347.824604320515,11.0228923058772,160.424776620769,211.365623456739,240.257084994556,755.593156160612,446.510455288412,168.210869174314,272.676119987309,303.99983075732,390.700666354898,847.149446809757,456.239588410295,330.98122424793,476.153742442885,522.349391750259,270.395910885193,564.088088713137,211.549283946836,100.59529323905,68.7915662509755,54.7302317123596,104.339414655716,83.5148397678662,12.6967861446677,NaN,NaN,3.55894670910492,65.2424564491396,138.694560559687,150.180531407802,15.4409746835443,47.8399743589744,,,
9,9,9,9,9,9,9,9,9,9,9,9,9,9,9,9,9,9,9,9,9,9,9,9,9,9,9,9,9,9,9,9,9,9,9,9,9,9,9,NaN,304.286566807218,380.980089292338,755.098264924496,371.414518355206,215.435883032861,315.047489644662,145.161636250967,NaN,1,156.924501581593,377.567133724552,894.887771219378,857.21340916468,290.805302633569,135.357568481372,154.835838848872,187.391167625291,218.309656923123,246.772867620569,175.015356150666,207.478468298306,309.306681090721,466.882404609984,555.126290984154,335.492552829648,124.169968435756,98.2982301826055,69.702992041024,72.3028449820718,111.434434609364,142.344666255503,47.3258146706484,19.9230428962335,NaN,NaN,23.5924119608773,24.7470392457909,46.7668618152773,16.2308734177215,48.3609230769231,,,
9,9,9,9,9,9,9,9,9,9,9,9,9,9,9,9,9,9,9,9,9,9,9,9,9,9,9,9,9,9,9,9,9,9,9,9,9,9,9,NaN,NaN,58.3128957234286,68.0911103500357,NaN,68.5077862368696,228.122985343826,14.0138534337548,NaN,NaN,180.169591839373,672.481536250329,1095.13345219914,751.209103898291,189.670784743017,274.930273583046,133.382150164922,151.118162646011,213.282412334245,131.025083612511,144.317201497357,260.762876465286,299.071986502942,411.310670773186,510.195736333917,179.873191927302,149.903909769511,124.561220289202,89.802259952948,99.5019338046823,118.421256747131,153.993662073584,107.625006009747,21.4659748619102,NaN,NaN,NaN,4.70534749133549,5.02721519675392,17.0207721518987,48.8818717948718,,,
9,9,9,9,9,9,9,9,9,9,9,9,9,9,9,9,9,9,9,9,9,9,9,9,9,9,9,9,9,9,9,9,9,9,9,9,9,9,9,NaN,NaN,NaN,NaN,88.9221028539405,57.168322967882,26.9759602074295,NaN,NaN,681.635553377835,673.93889047902,1082.59869923348,896.195806636535,512.001763329057,165.806027501832,133.608581659878,168.170529235424,168.459073934864,184.996937758159,187.405307773816,157.314448830638,331.06025471513,514.328327627936,408.840883412741,232.170185955465,203.30156569139,182.32809064587,142.273271961485,104.594081148358,88.6652853438135,85.4220141945328,124.817106255442,159.65437467101,57.2975027993698,NaN,NaN,NaN,9.47013947091024,33.4177603485774,17.810670886076,49.4028205128205,,,
9,9,9,9,9,9,9,9,9,9,9,9,9,9,9,9,9,9,9,9,9,9,9,9,9,9,9,9,9,9,9,9,9,9,9,9,9,9,9,NaN,NaN,NaN,NaN,158.642665096824,377.020961386083,6.9463038929576,NaN,259.246233925556,456.909887673896,1235.83009164346,1068.0995326839,889.173136889818,386.684773009492,102.618079218376,90.2914790393666,106.282422889907,109.320452263251,113.793615782504,186.882107599931,258.45661164154,568.90732423918,715.870828641329,561.953937300563,274.642221820304,277.720194697745,191.696592051225,147.570592700366,102.425726695601,82.098032282577,89.3426837127448,59.8951891181335,14.016271699754,21.4497732488561,NaN,NaN,NaN,1.23435311360874,18.7294687403792,18.6005696202532,49.9237692307692,,,
9,9,9,9,9,9,9,9,9,9,9,9,9,9,9,9,9,9,9,9,9,9,9,9,9,9,9,9,9,9,9,9,9,9,9,9,9,9,9,NaN,NaN,NaN,64.7101982072676,242.792031344467,602.997271155227,224.831659088342,407.865103702634,462.012015091903,1083.9538502989,1257.28682811456,1038.54635393234,679.2752015145,239.142539577695,115.904583786084,86.272980469552,103.989695042228,100.867223442198,99.0537632577909,129.51946875924,274.485518124145,600.244129867566,1025.06530473925,588.244542450159,321.738281267579,282.312394611297,218.090658062295,181.969619235939,87.1231164127975,113.814823511088,150.338530655576,116.368834531302,73.422492183329,36.6005400548593,NaN,NaN,NaN,NaN,NaN,19.3904683544304,50.444717948718,,,
9,9,9,9,9,9,9,9,9,9,9,9,9,9,9,9,9,9,9,9,9,9,9,9,9,9,9,9,9,9,9,9,9,9,9,9,9,9,9,232.925728544396,345.484409818141,263.311018297948,384.941857328628,690.477424396746,1056.4349591987,1058.02303809097,1092.51819018852,1280.70239039415,680.742216787268,901.068663591894,897.556440012119,392.777647466616,200.452145344918,90.2358593149251,70.024721918804,84.9886514494672,87.9234470716895,81.0785726242536,85.5645194197143,242.900342454442,476.80784391465,732.907934825353,491.937011004072,221.097846227545,265.901828317825,247.686623223948,163.977426069195,84.8460792197222,117.917367063162,163.637306790646,146.198219077396,81.7874613083851,24.7455791849968,10.2063315857319,NaN,NaN,NaN,NaN,20.1803670886076,50.9656666666667,,,
9,9,9,9,9,9,9,9,9,9,9,9,9,9,9,9,9,9,9,9,9,9,9,9,9,9,9,9,9,9,9,9,9,9,9,9,9,9,9,214.226094670425,172.428227216072,441.971119712028,808.410295436254,946.27052655163,876.896315385866,981.203668602531,838.788001813616,777.911744234913,740.001371258195,720.534405893973,429.228106903417,365.732373141417,210.418351858658,154.41021549718,119.296375297822,139.657241484379,96.1919639720142,93.3093040742867,105.669146619227,130.057063012826,294.830794531695,415.869312091731,394.211184071983,213.058903987135,221.236360339745,186.605367919659,132.11582454935,118.881129863448,107.097795317229,127.125994644599,151.521719768626,65.9987917525393,19.2273576329942,23.3938966627546,56.2828524540509,52.009257257196,37.7497496779352,20.127791958087,20.9702658227848,51.4866153846154,,,
9,9,9,9,9,9,9,9,9,9,9,9,9,9,9,9,9,9,9,9,9,9,9,9,9,9,9,9,9,9,9,9,9,9,9,9,9,9,9,844.63404437647,755.86577501022,875.680854632306,403.154654798581,429.548511049866,704.738396401732,495.702408841275,619.470561555338,571.672111795742,949.502583827142,738.802644642993,548.180234067574,431.46113989961,366.146879864129,649.315242273877,466.649355742463,303.931429270479,278.737728007449,257.408972779037,137.994803026203,114.839775328174,183.93470434779,508.322913047808,377.347990751593,219.298179876006,194.852518219056,190.201499332729,162.373981226954,162.643763377731,132.710914714074,142.265790572283,151.001807699274,135.332207532779,43.8076994848046,89.1600393330133,144.960959044495,98.371526366376,65.0545695208021,40.9628304908744,21.760164556962,52.0075641025641,,,
9,9,9,9,9,9,9,9,9,9,9,9,9,9,9,9,9,9,9,9,9,9,9,9,9,9,9,9,9,9,9,9,9,9,9,9,9,9,9,379.447259771606,397.919743353199,361.22838351707,386.383729733398,366.890341442883,188.17267129098,229.434075963405,447.056755853663,924.504794943408,889.596035302625,820.533825288968,588.029148351911,104.408532903738,168.067699445022,485.407386825334,974.418974903244,495.021957697746,1023.23028460811,429.015433597939,184.869780937061,164.985954880289,527.764957363838,687.168017869014,310.397466611547,222.337032406175,243.889407786121,198.270805910171,160.080467871728,165.167744210042,154.542520110812,152.354432565966,143.017676661104,173.532182304218,64.4674750974683,106.497960053544,125.221680953818,92.8331139907874,73.6537373199718,30.7249884962692,22.5500632911392,52.5285128205128,,,
9,9,9,9,9,9,9,9,9,9,9,9,9,9,9,9,9,9,9,9,9,9,9,9,9,9,9,9,9,9,9,9,9,9,9,9,9,9,9,170.877341647455,273.432144711348,344.046496587037,154.675093637107,117.92258990741,317.954568583662,244.140769129326,699.651994597534,1376.20823830692,1010.17020911464,694.91725785402,229.087573322194,80.5304288646986,178.966668849175,390.830221163742,1326.62168206849,439.892972047137,477.496773365843,381.309149328859,520.021946818256,553.418079070508,911.249688422113,460.353775495562,278.478068885878,249.454038862536,218.896534993421,185.448448630966,164.904991557836,159.366404389246,167.614007895563,169.43405674758,136.373639802851,123.78391784166,87.0329443386658,90.6745591507868,91.2131999061927,36.7724464791447,10.2781406740336,NaN,23.3399620253165,53.0494615384615,,,
9,9,9,9,9,9,9,9,9,9,9,9,9,9,9,9,9,9,9,9,9,9,9,9,9,9,9,9,9,9,9,9,9,9,9,9,9,9,9,250.998166913622,261.857348786137,166.712616417625,113.61969129461,1,330.629632195134,186.467695369971,791.928009147602,1119.53693296743,387.733713975594,744.524363231826,166.968698102657,78.7810240550932,181.300902230731,394.115663321337,1014.30323144218,454.920532997832,389.220798167345,527.693275515301,921.474899090022,1025.95439790601,594.922616995786,288.202498244671,294.951229018924,218.279693110435,211.030875240573,180.962307719104,158.53135371439,160.324933568912,177.592209078811,150.752521816538,135.552993460233,139.143771539459,113.016898789115,85.0221424928109,65.4066761253824,46.6048548908647,37.5248088626827,49.401752193908,24.1298607594937,53.5704102564103,,,
9,9,9,9,9,9,9,9,9,9,9,9,9,9,9,9,9,9,9,9,9,9,9,9,9,9,9,9,9,9,9,9,9,9,9,9,9,9,9,189.937802923488,NaN,109.000000000018,92.0542096996933,64.6401804234313,409.245637668289,67.9642522919215,446.997327272625,420.818575443444,332.28183687436,593.412321256584,123.200532835817,69.6604188402079,143.117115272179,399.883034481853,1065.02666835347,586.209355382025,865.173518397617,1115.87883419369,1041.77809690504,617.238343100947,283.319186580612,330.534742326918,351.266270913171,248.77432764205,198.089025273064,173.747882217396,146.209387329145,148.62059281293,165.959652034924,160.309737718684,149.763661091361,178.79965963122,155.343587274812,137.845515221993,105.53420828334,85.4507405098559,142.423080466176,79.998637649486,24.9197594936709,54.091358974359,,,
9,9,9,9,9,9,9,9,9,9,9,9,9,9,9,9,9,9,9,9,9,9,9,9,9,9,9,9,9,9,9,9,9,9,9,9,9,9,9,388.833506251351,183.954812565636,320.308995211812,226.744930929019,189.729314904154,110.341962789594,116.930081449808,287.464083418647,211.65211059863,184.209748607118,522.771118411371,256.739438983197,82.3883440866163,74.1759042153309,227.19070352868,889.064424838269,834.023903983399,939.135383218392,732.160192930615,468.8044888685,283.370141700059,242.019566923989,302.829276009487,310.766610573432,258.713561818035,195.389784736666,164.763565865185,136.968538304202,140.06612292914,159.135358841198,192.799319737774,167.362636542773,205.975286508164,167.218634488573,169.731865557682,129.401576199644,99.4823131776634,165.952566829654,97.9063756495993,25.7096582278481,54.6123076923077,,,
9,9,9,9,9,9,9,9,9,9,9,9,9,9,9,9,9,9,9,9,9,9,9,9,9,9,9,9,9,9,9,9,9,9,9,9,9,9,9,243.42685332382,219.006219238435,222.096558010639,318.478176249059,435.368206897873,200.73207152438,157.26746469126,76.3244695125753,252.239618424619,176.472321167918,307.780875574191,267.599156112639,129.790193110555,31.7417105840823,71.1392216750013,356.5950611961,402.566928527905,297.835308192719,235.584133265677,189.571251376418,175.269476052012,242.684915662042,300.614783416176,296.597309917458,235.486120466748,191.774155790589,163.069370738959,125.067244399533,130.19555424346,147.838575792463,175.531051393863,225.350809589269,196.657652302532,179.898229940961,142.624041437594,144.292158863745,133.364895406688,109.005632065394,138.800671409415,26.4995569620253,55.1332564102564,,,
9,9,9,9,9,9,9,9,9,9,9,9,9,9,9,9,9,9,9,9,9,9,9,9,9,9,9,9,9,9,9,9,9,9,9,9,9,9,9,288.338780599723,463.171333264507,255.832068270567,401.514661458482,327.866887564305,152.096133032401,140.803097259196,137.888393091619,297.523261760406,131.539168715301,153.85080563017,231.430744774186,153.897854952243,22.9385684612834,13.6551125208373,36.2316160146658,140.080853464548,203.207917378724,162.362352364753,132.418386913898,187.701615437697,238.603013475107,310.98693017025,287.670369425365,234.637504485147,202.402018432618,179.259869026136,133.021479140666,124.724453699159,134.458515530284,163.966192586702,209.077309537194,233.434399399505,188.305140951259,149.500939224735,152.704677503239,159.676766386366,100.908388387653,106.951096107634,27.2894556962025,55.6542051282051,,,
9,9,9,9,9,9,9,9,9,9,9,9,9,9,9,9,9,9,9,9,9,9,9,9,9,9,9,9,9,9,9,9,9,9,9,9,9,9,9,634.652007305014,694.228494261279,558.144554570526,863.261451165496,516.620890228549,147.238250503155,71.6543166791648,118.239069808355,34.8710505122387,NaN,NaN,133.584658480648,90.2869057458717,67.4416299794522,105.339660483465,44.8105157900585,105.083075946002,119.592182557421,172.224477305661,154.545265362762,177.310971757726,260.412871444333,266.04300150342,265.518106037514,230.60901259821,197.316354249487,177.992184434353,131.974405087658,123.792766995394,124.427208988429,147.321319350059,165.65892085057,178.862587298183,167.070110123557,141.850891789039,133.235676176576,125.274757561658,84.0130562146714,61.2458723316861,28.0793544303798,56.1751538461538,,,
9,9,9,9,9,9,9,9,9,9,9,9,9,9,9,9,9,9,9,9,9,9,9,9,9,9,9,9,9,9,9,9,9,9,9,9,9,9,9,992.652246744576,803.578049144627,914.872907815405,1102.57240598755,911.754500772552,471.15169989352,203.694630415613,90.3874030957214,NaN,NaN,NaN,NaN,NaN,1.21337803789946,10.5256207960232,24.2780402512134,87.4322295332086,111.23423730166,93.7216683937024,153.798312431072,205.920134386627,216.717973615897,242.398820501175,232.726682533988,200.86847274262,159.767783168274,148.714850575763,125.385825583042,127.366779291713,131.079419905928,139.719404335663,162.706221007535,187.21676827618,156.84565254638,139.682311822503,158.324927298679,170.579066767005,134.505645297463,120.885595875809,28.869253164557,56.6961025641026,,,
9,9,9,9,9,9,9,9,9,9,9,9,9,9,9,9,9,9,9,9,9,9,9,9,9,9,9,9,9,9,9,9,9,9,9,9,9,9,9,1172.47537733206,1159.63909313238,1263.55487844211,1191.36279211889,1042.51235825934,519.220018349905,297.807279135377,54.900798369297,NaN,NaN,NaN,NaN,NaN,NaN,5.32056846271664,7.25735618588624,35.8566914002995,58.0033542559963,108.569359729624,139.230381745383,152.972961285958,201.256921065994,220.364322651395,192.966650068057,175.386420380258,132.430614121643,118.36603837879,117.508552117943,128.980889683509,131.231605838654,143.52766959647,161.578571385579,190.213618366452,168.517034166227,171.101982223239,164.079383625729,157.875538617253,112.620439156048,86.8553446966435,29.6591518987342,57.2170512820513,,,
9,9,9,9,9,9,9,9,9,9,9,9,9,9,9,9,9,9,9,9,9,9,9,9,9,9,9,9,9,9,9,9,9,9,9,9,9,9,9,1229.28970088262,1304.95830126516,1228.67190185612,1110.07650064095,970.460136295024,909.651579121727,445.315065957522,31.9822044247865,NaN,NaN,NaN,NaN,NaN,NaN,NaN,NaN,16.4313891894095,40.1516820028919,75.8533822663803,107.788941881108,134.737922367837,165.522760436741,190.263611184779,158.952999290609,120.428132001498,100.773265736829,111.243926236182,126.920895016249,122.471685049577,135.327577438404,152.649362522409,166.71203167301,189.201371984682,178.251702704361,171.264148349029,152.366012364569,120.366728445414,76.0431224811907,85.8027719220404,30.4490506329114,57.738,,,
9,9,9,9,9,9,9,9,9,9,9,9,9,9,9,9,9,9,9,9,9,9,9,9,9,9,9,9,9,9,9,9,9,9,9,9,9,9,9,1342.8763206173,1303.33062657125,1109.99284343693,925.832840918082,935.237756186116,1041.48560360853,1021.58899033116,370.087087911034,NaN,NaN,NaN,NaN,NaN,NaN,NaN,NaN,4.46840898538064,35.3550192260595,50.449444655119,94.9380385702621,182.894824049189,185.90588416234,146.011717276422,107.703506958725,110.925068891214,123.843435671457,115.335558823425,123.970977586626,135.149992896007,144.981390886932,166.514812217195,180.833893069653,199.667240282826,191.172634258095,189.949865022318,178.180139984586,194.084072242848,177.016988937244,70.8465625330386,31.2389493670886,,,,
9,9,9,9,9,9,9,9,9,9,9,9,9,9,9,9,9,9,9,9,9,9,9,9,9,9,9,9,9,9,9,9,9,9,9,9,9,9,9,1256.02694082701,1178.26680324101,1057.96602162158,1038.72292388234,969.77528066107,1160.95103720525,1311.68595674552,591.588958799848,405.631531526826,NaN,NaN,NaN,NaN,NaN,NaN,78.118122181747,10.6861711881275,19.3107305012684,51.5298408959625,75.7604264048901,150.45791897487,169.074794575731,127.574391740249,106.163519674571,115.398081364149,135.941445933484,133.561154678589,139.63688608902,152.204762066194,180.61452862118,175.589871398271,196.536568417545,199.587607029306,196.711109787598,226.430244907712,195.415662982346,226.131402487744,232.976051129505,146.591787830825,32.0288481012658,,,,
9,9,9,9,9,9,9,9,9,9,9,9,9,9,9,9,9,9,9,9,9,9,9,9,9,9,9,9,9,9,9,9,9,9,9,9,9,9,9,1038.8838248429,1018.95705714785,929.525964059528,1009.93572572138,1071.42246847785,1166.40203226503,1338.38592435057,1070.37074528984,783.698662825181,NaN,NaN,NaN,NaN,106.639545389061,15.201806998696,51.9394285144135,10.0560485639431,18.0208360468426,47.2253158028934,64.290806325802,130.049349834134,153.130130202707,101.560425549383,107.720395669922,135.304271176451,159.028468500681,153.648812124308,157.335000209283,151.917264880899,165.925673958829,193.951230145766,216.143478662839,217.691639155909,210.864373573735,232.593653034119,235.67476619873,248.019619373605,228.226083485149,223.087392173982,32.818746835443,,,,
9,9,9,9,9,9,9,9,9,9,9,9,9,9,9,9,9,9,9,9,9,9,9,9,9,9,9,9,9,9,9,9,9,9,9,9,9,9,9,1121.07157374627,1173.89960802697,1126.73566959688,1137.7649309164,992.303055373166,781.23362908099,1189.98748504293,1163.13059280312,951.892381212686,NaN,NaN,NaN,NaN,491.083412780082,243.396075622506,49.8027999305059,7.35912208721579,22.1983276199507,57.852167966461,67.2967610459538,119.9486784513,131.012726717668,92.8323070208438,124.120632879474,142.313599006846,168.613354767548,163.002689918738,190.241967429143,170.801876700586,169.19634365418,185.148797143243,201.061478574633,216.362235272415,207.559801997084,237.512886153138,221.943226836533,237.95947801025,249.960985600574,214.05066492939,33.6086455696203,,,,
9,9,9,9,9,9,9,9,9,9,9,9,9,9,9,9,9,9,9,9,9,9,9,9,9,9,9,9,9,9,9,9,9,9,9,9,9,9,9,1597.57884108646,1512.579324985,1221.74835984524,1116.68621084292,1145.6290199149,1046.54376881948,952.7319092428,864.100853614403,656.245607477411,NaN,NaN,NaN,NaN,84.8933607951406,314.433953439329,20.767732891413,6.0127423810272,17.985342432444,72.595661779113,59.2083883499024,110.464389113707,87.8363630507812,104.21764674122,126.671602271076,152.804331845009,173.17300918428,182.277579821853,189.023944002307,202.366586643096,216.12184933679,194.378573972074,206.654132916195,235.823848579046,199.804790160987,215.502234907344,214.518974344697,203.389581188489,183.257448475971,166.841394320576,34.3985443037975,,,,
9,9,9,9,9,9,9,9,9,9,9,9,9,9,9,9,9,9,9,9,9,9,9,9,9,9,9,9,9,9,9,9,9,9,9,9,9,9,9,1103.98712365781,1514.30534292423,1447.60301000971,1386.14185255088,1220.17323994795,955.032999062363,878.63276562916,627.430287978187,219.216095389995,NaN,NaN,NaN,NaN,NaN,65.1817804465825,21.0952709453094,1.22548182794961,20.7464511096685,72.9806892719419,92.3355383985742,126.483213590719,104.359603393759,135.095200692002,163.825717514687,176.901871594935,190.14485866619,205.371239400476,214.445362284137,211.927848499653,220.677688050755,216.903118405959,205.090288159012,206.186775925397,184.990128205017,233.643562568295,209.773571130759,156.480418185203,147.497005912512,166.685323926165,35.1884430379747,,,,
9,9,9,9,9,9,9,9,9,9,9,9,9,9,9,9,9,9,9,9,9,9,9,9,9,9,9,9,9,9,9,9,9,9,9,9,9,9,9,1146.41535836317,1760.44516135454,1755.05432596787,1503.6914187376,1450.02676570298,1117.68929496153,772.444666862662,331.489505385029,12.8013142396884,NaN,NaN,NaN,NaN,NaN,43.8006025948367,64.052696178257,NaN,28.4905160879379,124.545458221689,160.870847428546,131.89473691841,133.354468647355,150.981078276008,146.219634935668,178.188974500043,196.154484555487,231.660356556036,221.087182525073,234.999031115774,234.559038861196,204.815160020338,213.685497207819,192.552399461143,188.716012188872,191.36409726548,217.002678139494,158.6963706137,142.402645885056,156.598343498805,35.9783417721519,,,,
9,9,9,9,9,9,9,9,9,9,9,9,9,9,9,9,9,9,9,9,9,9,9,9,9,9,9,9,9,9,9,9,9,9,9,9,9,9,9,1156.98435828345,1474.73272823122,1751.37480811549,1638.47686279789,1492.01449103946,1363.28874969989,874.02541583858,76.950128211213,NaN,NaN,NaN,NaN,NaN,218.645215346423,60.3075565833454,12.489608921521,NaN,18.735853502851,91.2334117245851,182.757350381067,162.904817222766,151.906735214286,131.277778011409,145.782605618124,174.610180469633,203.622662788442,224.995942631927,221.59185766065,208.096427115777,230.941884692119,243.019533337369,218.642032656398,215.624856029982,182.130538873953,189.709526365406,187.409709060483,165.182842190603,126.928305371376,154.164959684244,36.7682405063291,,,,
9,9,9,9,9,9,9,9,9,9,9,9,9,9,9,9,9,9,9,9,9,9,9,9,9,9,9,9,9,9,9,9,9,9,9,9,9,9,9,871.972551263014,1503.11017393685,1332.48992937378,1624.89799220062,1706.43415775684,1593.58269725452,952.499886564541,176.477200234495,NaN,NaN,NaN,NaN,NaN,263.601986642012,95.9368680453239,8.92213235708607,11.7323821442224,21.2608791907815,55.089247573316,145.336460755971,200.094980806254,161.94614829165,122.652759599965,145.436598920268,150.114838683401,187.755174272901,187.864179020474,214.125779771344,188.680415642922,224.863785550881,225.353573444037,226.098477744445,224.365632856597,187.254639300147,159.227116687853,164.341097730614,193.951427811201,133.630900779836,131.909343061808,37.5581392405063,,,,
9,9,9,9,9,9,9,9,9,9,9,9,9,9,9,9,9,9,9,9,9,9,9,9,9,9,9,9,9,9,9,9,9,9,9,9,9,9,9,652.509121474451,1290.25204930076,1104.735824439,1652.05790222656,1738.14414798414,1752.43452724102,1041.13485605587,85,NaN,NaN,NaN,NaN,178.768973676455,266.662655324233,53.5746683692237,19.1070631226228,21.2307387657668,32.3259020374534,41.4654818522691,94.7417359413519,216.398014995671,151.310700745493,125.654333756425,142.486041207644,171.644458169594,173.177705104249,171.599566930671,172.624005185485,183.910174793734,187.204101180191,201.426130198033,191.9359053106,185.144256589678,165.272320572696,138.932035372543,144.515269519213,193.5709135417,174.035399357084,153.198034874654,38.3480379746835,,,,
9,9,9,9,9,9,9,9,9,9,9,9,9,9,9,9,9,9,9,9,9,9,9,9,9,9,9,9,9,9,9,9,9,9,9,9,9,9,9,975.976089914442,1040.46459661131,1139.53746956163,1731.30059941711,1958.30643534248,1794.60840188511,1288.50757975928,219.369908483931,NaN,NaN,NaN,267.853032746047,756.024142398236,311.597515323677,66.1953026626457,56.8371811029492,49.0535675506295,50.8375358036079,37.8003285832785,100.961359758193,201.451073449033,108.692056624786,135.012049128115,159.982661404936,151.222608825161,165.399094330163,133.303688269692,132.817205327108,147.923687259068,165.683762453812,174.862240802309,159.120954135872,162.225806991382,123.187509742137,136.916925594347,139.13243382475,184.143934453319,141.885727802027,129.305966232128,39.1379367088608,,,,
9,9,9,9,9,9,9,9,9,9,9,9,9,9,9,9,9,9,9,9,9,9,9,9,9,9,9,9,9,9,9,9,9,9,9,9,9,9,9,824.933141052405,814.546921178595,1367.77333926451,1798.1057466908,1877.47709581514,2007.83163806452,1330.36408788924,119.517027371519,NaN,NaN,63.0602733010234,1187.76720029587,1479.87158619433,470.301991427362,140.756371773752,90.1738888478237,86.4317317125087,79.4715215817445,54.7416245714234,85.81944638736,147.058602049067,124.333805497594,143.728856994521,169.444929519974,130.988515304275,149.932231298081,128.278764787142,156.561866338773,157.713753034589,147.26228134132,156.816605185728,141.912331950658,130.579224616379,122.314287214095,125.471475855956,129.333550502433,143.977896699032,142.134631730225,127.688236895914,39.927835443038,,,,
9,9,9,9,9,9,9,9,9,9,9,9,9,9,9,9,9,9,9,9,9,9,9,9,9,9,9,9,9,9,9,9,9,9,9,9,9,9,9,834.718871571098,876.810710526181,1610.88714450579,2092.4011971928,2146.59193689358,2236.23961595647,2066.50015982153,1012.46679688612,NaN,12.1163417767788,459.798660408527,1961.93741763802,1247.3215437247,506.154795747803,254.298699453583,143.388773685285,90.7090259530138,86.3959020007644,43.8107413187062,45.0747526536766,98.5275448940629,105.16424411059,140.550038391456,134.259058610434,144.661921331841,181.224060942715,139.436790725252,155.926734751686,165.799992935734,160.041027883045,162.210424662924,155.540160005248,133.309866866108,117.892811600077,131.113252362682,136.976438738922,114.62987494159,121.72110445539,125.999936473757,40.7177341772152,,,,
9,9,9,9,9,9,9,9,9,9,9,9,9,9,9,9,9,9,9,9,9,9,9,9,9,9,9,9,9,9,9,9,9,9,9,9,9,9,9,962.812169994317,1384.0149781751,1700.72349542255,1781.92208899307,2064.31239491004,2074.03288769445,1684.22322057981,1335.31133842872,619.987657720641,88.8619691820314,1276.93871705086,2311.87183383062,1126.5361628531,524.947769194768,387.339129900614,173.870213823425,91.5981786628855,56.2485847475854,80.5978703522713,55.5626381918748,95.6931887972213,123.544439223253,138.936058787221,142.243684831895,143.649031195952,142.74450653282,116.639038398048,148.233949107664,169.094030587196,165.976354847625,142.319320709969,135.689142643543,132.566412471507,126.280562064101,124.1144620453,119.444319043234,107.220555873575,120.262573869694,140.65892928114,41.5076329113924,,,,
9,9,9,9,9,9,9,9,9,9,9,9,9,9,9,9,9,9,9,9,9,9,9,9,9,9,9,9,9,9,9,9,9,9,9,9,9,9,9,1760.14636293309,2066.4137814545,1823.76497881428,1799.58599590496,2010.61153403105,2019.24081391905,2169.49107344889,2045.67902139389,1321.01760900598,553.930500426376,2178.18917901889,2548.66080509882,1105.29999119232,452.920540200886,342.083308816058,198.682755541111,72.9945443947974,67.1051388501523,87.5293637729785,70.94695126923,52.6354332259517,106.294255729851,142.471986838718,104.668188519608,127.797902135798,120.793178399741,143.334382800396,136.363124026581,160.759386939075,174.769599197876,169.536221072394,155.450206039074,134.023760432169,140.437576588595,134.958500429835,121.24704311774,103.892665995888,121.313621652206,117.918165426599,42.2975316455696,,,,
9,9,9,9,9,9,9,9,9,9,9,9,9,9,9,9,9,9,9,9,9,9,9,9,9,9,9,9,9,9,9,9,9,9,9,9,9,9,9,2444.45461853803,2315.6491113234,1915.70061137369,2370.15697250087,2044.19867504283,1654.53265119523,1870.20653411465,2058.54814917345,1382.77191283394,1218.24689793574,2476.39921632954,1111.75020006738,434.184305510308,260.81817490182,231.707976840463,170.095671280539,52.6142258950782,126.736509430748,97.5496057057125,103.333596295049,88.2105462656791,80.9338224373083,139.365470361882,113.057784981027,130.341077759864,144.18604343068,160.375251209648,171.254719792826,184.200634911962,203.158076367604,216.253055907125,193.31107935563,160.635232864782,161.050841622799,157.96877087508,142.899475055711,96.5116964713086,120.307255072814,115.911390272399,43.0874303797468,,,,
9,9,9,9,9,9,9,9,9,9,9,9,9,9,9,9,9,9,9,9,9,9,9,9,9,9,9,9,9,9,9,9,9,9,9,9,9,9,9,2328.79691668823,2397.54756560682,2290.83601781604,1997.95020121999,1450.17111195532,1505.65767431404,1991.45444228893,1509.58633082092,1149.95304234136,1860.81784067738,1726.57841960414,403.868361010783,194.916435538791,174.369435604888,154.192676385164,96.7565023212096,85.7588904624306,114.600234438415,103.648816486291,100.78589608189,97.2640326769595,80.0303417941477,100.152151207374,120.65580589437,152.755630217199,154.775148167875,181.143732039496,212.688049315512,215.73423204046,202.194105741835,221.378009341872,206.782507375125,184.293235084532,184.203895783266,166.158049250561,146.355943246167,102.266031865783,136.120289075644,142.447511139022,43.8773291139241,,,,
9,9,9,9,9,9,9,9,9,9,9,9,9,9,9,9,9,9,9,9,9,9,9,9,9,9,9,9,9,9,9,9,9,9,9,9,9,9,9,1528.82180354955,1491.51202606903,1368.71325233331,1093.20296987674,1577.64563957174,2163.3764717904,1643.54874387659,556.207166152803,878.716810308149,2028.56189071094,1563.68560424604,346.281728213945,111.141281568686,68.2226799539924,44.2050664739363,35.7816441072718,36.9001136977968,8.87449817439185,2.53059992849264,7.04385460193815,7.67624053512438,4.88925644239339,45.0151225754084,89.9276198285914,148.653883611002,201.596103871542,193.52728862924,211.980485687831,223.044816800902,226.746696205387,205.756937621069,209.147187954983,187.324948566082,169.135194731593,158.433052894283,136.243411809475,104.18134394044,123.937320813085,120.488091449704,44.6672278481013,,,,
9,9,9,9,9,9,9,9,9,9,9,9,9,9,9,9,9,9,9,9,9,9,9,9,9,9,9,9,9,9,9,9,9,9,9,9,9,9,9,1526.16731621967,1526.75271591973,1507.40921572161,1898.05720120463,2492.95553002804,2106.07021386064,858.129519587911,458.864612171137,799.941952891596,2374.28147037702,1134.20530054138,124.217761204976,41.5077578768429,4.1510795200701,-1.02888578375378,-7.47225553448391,-11.9079901476745,-3.30368090809184,2.00265202167644,5.26603299391998,-3.01566727148249,14.3713137816589,25.8925615402633,37.6351514390034,50.3978541654339,97.1582851963154,120.205228196113,161.885201794809,231.820994854463,250.930092992153,257.133613529333,229.973739430744,202.445283672538,170.300684236065,140.42642546661,119.245212081487,92.7927338537866,114.114800182201,128.602598038501,45.4571265822785,,,,
9,9,9,9,9,9,9,9,9,9,9,9,9,9,9,9,9,9,9,9,9,9,9,9,9,9,9,9,9,9,9,9,9,9,9,9,9,9,9,2133.75579625704,1780.13531631416,1665.58811700109,995.553264027199,1371.38938153233,1012.67500506621,200.264945011067,454.646643569566,2104.61341081212,2028.28704980517,1099.89635842169,49.8001138011679,-9.7500335641862,-22.6528149712617,-21.4188757032676,-20.1445213820151,-18.4932935849481,-7.66521147519191,0.600139829246673,-6.72879596276265,8.75824086015976,22.7285571343834,20.4055022344041,34.6396202908652,31.8486662579524,53.6908498246733,81.4458183300163,67.3367512751966,165.041645674082,278.406385573887,282.325248735786,256.027728696627,176.15200569075,150.341856121827,139.690030801743,158.620985784363,93.5733694630397,124.851926061853,136.200127717054,46.2470253164557,,,,
9,9,9,9,9,9,9,9,9,9,9,9,9,9,9,9,9,9,9,9,9,9,9,9,9,9,9,9,9,9,9,9,9,9,9,9,9,9,9,1827.61079398167,2040.06334651649,1355.1478853661,506.010152254208,150.372111111305,37.8595472515693,281.284833210423,1991.49421258872,2282.03116767186,1244.24410261567,244.958427363648,-23.208477127597,-24.7738772396255,-27.7573138766223,-27.1397329061899,-25.6737625810216,-18.8166791913866,-11.8338802031421,-10.7280327490289,-6.17911988264867,1.07248794068999,3.45215002804396,37.040522972548,39.4503814804419,46.6651435794,68.3680561721415,87.6881702556819,71.24292154689,134.941076599039,221.198983390913,213.678265026851,230.006684025694,207.676359284077,184.854507965185,159.923693655674,140.107952193613,100.035961868541,120.469472274496,138.027545957277,47.0369240506329,,,,
9,9,9,9,9,9,9,9,9,9,9,9,9,9,9,9,9,9,9,9,9,9,9,9,9,9,9,9,9,9,9,9,9,9,9,9,9,9,9,1807.51748154421,1754.81154868627,1337.3007916359,348.087265376353,12.9336501650357,8.19746077974745,1099.37469904426,1560.75761654433,442.283165803559,12.075247235811,-27.9999999999958,-27.9999999999958,-27.988770700567,-27.9999999999962,-28.0043877761586,-27.9355271802661,-22.4050273144027,-15.181387668675,-12.8064743103381,-10.8983790687282,-6.17278853545883,8.68072525485594,13.3332627604578,22.0023093031368,27.9214479536981,64.9586114521013,88.5089530406781,62.0952771075059,83.1774386529882,128.387853761563,154.112730565743,205.944886994647,134.165917069993,135.723380743963,135.465698341062,114.432200297181,119.22280027448,149.061714705271,128.820167584207,47.8268227848101,,,,
9,9,9,9,9,9,9,9,9,9,9,9,9,9,9,9,9,9,9,9,9,9,9,9,9,9,9,9,9,9,9,9,9,9,9,9,9,9,9,546.67328500775,300.88443669783,36.6293303658281,-13.9843765037466,2.85394166325101,265.175151374447,737.374535621897,145.112302542454,-24.2302193306134,-27.9999999999957,-27.9999999999958,-27.9999999999958,-27.9999999999958,-27.9999999999962,-27.9999999999959,-27.999999999996,-26.8247911110622,-18.9039022018716,-15.1047909912168,-12.3751111600875,-7.86973455832364,-2.29270237573562,10.4705555912547,14.875213478024,15.3564608203633,49.7981542485454,92.2010320542164,82.2399983278749,92.7161063093555,81.3449674175879,90.6443123776835,95.3076084746222,101.677949309344,94.5238728851803,119.187078141092,124.62669215182,150.67631609502,170.925673904149,146.516708526632,48.6167215189873,,,,
9,9,9,9,9,9,9,9,9,9,9,9,9,9,9,9,9,9,9,9,9,9,9,9,9,9,9,9,9,9,9,9,9,9,9,9,9,9,9,-27.2444290678603,-27.9999999999961,-27.999999999996,-27.9693502777865,-27.7611127554565,19.7664632183655,-17.8230480989529,-27.9999999999959,-27.9999999999958,-27.9999999999957,-27.9999999999958,-27.9999999999958,-27.9999999999959,-27.9999999999962,-27.5776285505838,-27.999999999996,-27.9926930411878,-22.6418238498907,-19.4584756048594,-12.0672758096636,-8.32393271866959,-4.74723477441286,-0.494728257416253,5.84607671476352,15.5091631708402,30.6588561985227,108.172747758287,68.50325331475,85.4668098154477,97.495166405561,111.926306304388,131.153378401769,113.037545085727,129.005332353547,101.864836112129,137.390807079328,161.731495478771,139.252163864157,137.379287241538,49.4066202531646,,,,
9,9,9,9,9,9,9,9,9,9,9,9,9,9,9,9,9,9,9,9,9,9,9,9,9,9,9,9,9,9,9,9,9,9,9,9,9,9,9,-27.9999999999959,-27.9999999999961,-27.999999999996,-27.9999999999963,-27.9999999999957,-26.8126938132079,-27.9999999999957,-27.999999999996,-27.9999999999959,-27.9999999999958,-27.9999999999958,-27.9999999999958,-22.968736258217,58.7255019628587,-27.6029390758883,-27.999999999996,-27.9999999999961,-27.8515811692214,-27.1697243865082,-20.5945367729575,-18.608829651838,-10.4051998043887,1.20307579830046,5.11618205656999,14.9484362292034,26.039069697434,98.4528579468546,116.588622434778,111.856558429792,108.565870499247,98.3287902147737,121.152598220293,113.849970182057,145.630007675961,123.435918530715,160.168684751834,148.164014274423,114.825959353209,131.954544263513,50.1965189873418,,,,
9,9,9,9,9,9,9,9,9,9,9,9,9,9,9,9,9,9,9,9,9,9,9,9,9,9,9,9,9,9,9,9,9,9,9,9,9,9,9,-27.9999999999958,-27.999999999996,-27.9999999999958,-27.9999999999961,-27.9999999999956,-27.9999999999958,-27.9999999999956,-27.9999999999958,-27.9999999999957,-27.9999999999956,-26.745073296517,-29.4505782461951,34.8188619892288,65.1353821334643,-13.3250961305839,-24.5475336577119,-27.999999999996,-28.0117529540283,-22.7665827156532,-8.90216609087431,-5.35819125641574,-6.78353419058678,-1.47720595186312,5.60588238728587,22.6380305253968,32.1853159472445,48.1342106682997,92.7383707148398,157.734664568616,115.256857298532,104.899618099878,155.09868158878,166.98774336699,150.429468307408,122.302534566593,129.543763687423,137.985044460884,131.252731909356,149.165374435033,50.986417721519,,,,
9,9,9,9,9,9,9,9,9,9,9,9,9,9,9,9,9,9,9,9,9,9,9,9,9,9,9,9,9,9,9,9,9,9,9,9,9,9,9,-27.9999999999959,-27.9999999999961,-27.999999999996,-27.9999999999962,-27.9999999999957,-27.9999999999959,-27.9999999999957,-27.9932108575552,-19.9186215721626,-23.9744976132313,26.3142496447023,104.922223818785,220.716295290424,55.5269831244588,-9.00128710226197,-24.1341583978637,-27.9999999999961,-28.0049593184416,-30.2589745834311,-22.1832388597853,-10.5267577301796,-1.58447043750681,1.60818279774614,5.9449935127531,26.3316505395669,59.3954034709171,76.2195447506917,99.8167977802022,151.732031982047,120.454687389777,155.617764082917,165.458927791525,225.229504221117,203.819457543042,160.95989491684,126.906099325115,176.865468235679,156.743675142097,165.17231655877,51.7763164556962,,,,
9,9,9,9,9,9,9,9,9,9,9,9,9,9,9,9,9,9,9,9,9,9,9,9,9,9,9,9,9,9,9,9,9,9,9,9,9,9,9,-27.9999999999958,-27.9999999999959,-27.6837231526163,-26.4166167698728,-24.1048926089372,42.8260852018221,-21.1605778479952,-25.1384596539942,12.250052539201,127.145200037581,89.0130124315081,187.990142121946,150.461979976672,-5.29334362608689,-10.7273895195222,-26.8594930266214,-27.6909712132257,-27.4499317031646,-26.7337454384862,-21.663139242072,-12.3938760835407,8.15375229621839,12.7837121573841,27.0773995826336,48.2444500768317,100.989716145524,79.4178605141836,94.2644645084236,169.264031678485,155.095007981878,172.275750917542,204.873972858867,255.936217968387,226.099864399899,138.89336993034,122.646322017177,140.763282062113,162.001233779007,216.483752044417,52.5662151898734,,,,
9,9,9,9,9,9,9,9,9,9,9,9,9,9,9,9,9,9,9,9,9,9,9,9,9,9,9,9,9,9,9,9,9,9,9,9,9,9,9,-17.8169367010554,-13.342096076531,-12.5353533272891,-20.4328881276259,8.06810710138297,155.472977099063,-9.80277733224733,-22.78284116575,30.5060698843095,73.4404691845545,155.585134510484,115.991987212579,175.992064747268,166.993949258888,18.4576872268805,-28.5484573811941,-25.5258274323736,-25.9984970275382,-21.5721946561295,-13.5849606437722,12.6326683461466,30.9154223373131,37.9482949132571,64.2913229512703,111.444305353581,127.423723935827,94.5829969014015,136.016364014276,192.949405483491,178.389051198062,212.499269270246,256.942778359707,234.535268828838,192.182048407643,156.860918704584,110.452519000291,137.783294327675,139.958388771343,201.833087586106,53.3561139240506,,,,
9,9,9,9,9,9,9,9,9,9,9,9,9,9,9,9,9,9,9,9,9,9,9,9,9,9,9,9,9,9,9,9,9,9,9,9,9,9,9,29.8782896929938,43.5596196586715,55.92241660038,24.6436533007209,389.306852954766,156.682542029888,45.4347206606807,147.30176367565,233.78029276014,151.154200710786,95.7388446446187,153.31710653453,207.794012966876,137.445257182673,43.6429330668103,-24.2030258460115,-14.6704804572995,-12.1845981023463,7.80258457239014,67.9157707832617,80.295915595227,84.562336881923,95.5581513880543,142.403683626199,162.182755809871,146.05391094391,157.995307517868,150.593246313147,250.896587599331,234.430272518521,260.59988991932,268.899093694991,255.927473706052,199.781230256704,146.120442021411,113.655349306652,135.391853230987,135.855393814065,174.186600598569,54.1460126582279,,,,
9,9,9,9,9,9,9,9,9,9,9,9,9,9,9,9,9,9,9,9,9,9,9,9,9,9,9,9,9,9,9,9,9,9,9,9,9,9,9,234.034905152956,188.539600667638,321.601601824738,162.961548359056,59.7997634660014,171.562852963525,182.155884767182,241.017169909393,196.169267320592,155.046241014059,211.726140438569,228.430818755199,171.069185758017,109.865751906654,69.4553544740614,33.1089587357686,39.3666975634758,46.0612476262528,62.5971507368499,132.862528482829,130.560412123827,136.273835055722,156.662793966377,184.659668126405,173.276674190613,178.174569796061,184.665029509517,137.244838584476,176.804363869627,255.128422648425,281.719302135661,227.235479630384,170.774122490344,144.911904799441,117.775786861008,128.483360114941,154.866628103226,172.955751687518,145.722461838089,54.9359113924051,,,,
9,9,9,9,9,9,9,9,9,9,9,9,9,9,9,9,9,9,9,9,9,9,9,9,9,9,9,9,9,9,9,9,9,9,9,9,9,9,9,868.750398224748,564.014962168554,433.753928425323,85.2842083458117,61.0620058769594,196.593388368816,86.598291431455,124.696460262961,134.111011418593,73.0884825611703,178.003678538719,201.209160116667,151.974504611142,152.530452967318,84.7944026996693,78.9714662969146,54.3630793460336,57.6739838328114,82.1754031971422,115.907925937592,161.313855906835,183.287593851681,194.335193948462,245.532626359821,216.388572928615,216.993507826602,191.59300241633,166.818530453455,246.047370347406,275.607437240174,251.784004885578,179.592246893353,156.265977382733,122.446968658873,178.723961533596,172.989085245219,183.60138299834,235.925481014926,246.979070930958,55.7258101265823,,,,
9,9,9,9,9,9,9,9,9,9,9,9,9,9,9,9,9,9,9,9,9,9,9,9,9,9,9,9,9,9,9,9,9,9,9,9,9,9,9,1041.43941644984,1239.70564862578,325.464567627388,55.2741228314445,58.0990699780965,69.8918325420478,74.0146462841882,123.010540499733,61.7480145447939,49.7468552414836,173.34215011623,133.733894486048,125.799930644667,175.024136009767,137.271186842513,75.160224880994,112.022629121583,79.5521688081562,90.6115637679095,158.337293775969,184.559252776714,217.682972263536,244.752719995727,294.812442502751,281.53960997591,272.422924706325,236.846880552389,292.91797660911,386.087439237197,430.579472214248,521.036388899998,456.320061533755,254.163609930727,172.588417311201,276.799449216375,244.692834310175,253.994028970266,224.202066267685,184.18347487252,56.5157088607595,,,,
9,9,9,9,9,9,9,9,9,9,9,9,9,9,9,9,9,9,9,9,9,9,9,9,9,9,9,9,9,9,9,9,9,9,9,9,9,9,9,1510.98645795636,653.677802989584,70.9905615481301,68.1197536121937,68.6338883507425,80.4779265386336,73.3748091294747,43.6044430271332,10.5891721798649,89.0726535933758,147.208334706408,76.4798116040242,121.172754850914,187.377507066859,172.066733608029,103.647308070266,115.560175166919,138.104540203174,132.968837697914,222.925502165366,224.827312634327,229.786709446445,274.333573718887,318.903319686778,340.730245835321,369.1336868239,321.991723340932,423.617508877189,515.075996241469,595.078866546123,573.374887842192,621.80259784094,558.393607190972,435.782645806013,360.479713576839,320.807759007184,288.077299979581,243.934033426414,225.606533025565,57.3056075949367,,,,
9,9,9,9,9,9,9,9,9,9,9,9,9,9,9,9,9,9,9,9,9,9,9,9,9,9,9,9,9,9,9,9,9,9,9,9,9,9,9,1240.23920569489,138.844165425651,86.7691991759711,88.8540787071148,97.7579492980926,105.969561407013,95.9575418255507,59.8560826259354,56.3855026098842,64.4565754910023,111.273506794847,78.2433986726028,80.1649536784752,67.9391144782433,67.495569339455,102.634833834327,148.038551045835,122.327644507377,169.06034060441,246.407235637642,270.457859169269,348.605435495199,356.54015019804,334.675747777434,343.605645120026,338.294742126868,265.588248211719,310.400432753878,376.453006892301,476.352656456689,541.252809866289,633.192049749297,772.296379978095,528.795862174575,325.146469004918,289.050942351266,309.560703815672,316.067332401325,307.809032264589,58.0955063291139,,,,
9,9,9,9,9,9,9,9,9,9,9,9,9,9,9,9,9,9,9,9,9,9,9,9,9,9,9,9,9,9,9,9,9,9,9,9,9,9,9,276.907000422755,118.660291119948,106.330744318072,121.745644907837,138.514402847039,141.740860442541,119.011536468004,91.9318699453805,70.0142347305481,65.7318736985727,60.4593010208826,53.2289301173826,44.5497656602127,40.0058514883449,40.9204708762805,40.0667787603237,70.2819125030038,117.165524547402,185.546568028841,176.007127938848,207.701248893254,243.949453376027,310.936682784971,334.354934745524,294.519859499917,265.7796249138,264.134660291701,291.537326608815,335.23318281524,355.383271368085,370.752764889709,440.715724792706,559.688635923289,662.308367774015,423.327983014658,371.204961459488,384.695615769304,348.737306776809,349.760694231099,58.8854050632911,,,,
9,9,9,9,9,9,9,9,9,9,9,9,9,9,9,9,9,9,9,9,9,9,9,9,9,9,9,9,9,9,9,9,9,9,9,9,9,9,9,163.419003255209,131.971635633105,117.175643900018,124.295433985433,163.5370805658,142.313565163268,118.808892002777,93.8151620854795,83.702813599578,98.0087929733835,60.5047581029075,55.1070390518717,43.4899678251787,39.9999999999985,39.9999999999988,41.4199518704968,46.3296378320505,73.780351100716,184.240147328662,209.132741754811,219.95425205384,200.698506022357,209.064390538761,245.212405916508,266.250364696667,328.745542259303,323.000118836099,344.938502243174,340.737249767662,363.8816334444,378.984634102255,366.325150209793,353.657227495875,400.882514636767,455.608847006687,416.58929332634,408.567374412063,329.188267378406,305.128813300362,59.6753037974684,,,,
9,9,9,9,9,9,9,9,9,9,9,9,9,9,9,9,9,9,9,9,9,9,9,9,9,9,9,9,9,9,9,9,9,9,9,9,9,9,9,177.2670167335,152.205523061887,138.105702575146,142.813655470994,176.071563307609,150.226539670331,124.500188737922,95.4999182217671,105.702721591397,120.737374666863,66.4329808854174,63.3668261722149,50.2370728903523,44.4932990577868,40.0228168052084,43.5833930553985,45.1340947561617,57.4338444614802,125.791101899731,132.838574470436,152.858212494981,152.924814622284,203.555211943773,230.493107499452,247.80348192225,293.251889650972,324.06012149507,323.123991729385,297.952475428904,291.849949071466,275.806316033096,271.926886836223,275.74874821376,288.509980539281,262.091220170351,247.856895286061,264.9779997639,252.92329793851,229.392784169138,60.4652025316456,,,,
9,9,9,9,9,9,9,9,9,9,9,9,9,9,9,9,9,9,9,9,9,9,9,9,9,9,9,9,9,9,9,9,9,9,9,9,9,9,9,206.585994176015,182.107438163297,163.418452107272,155.404266500367,193.774070131082,163.304191914877,139.920332693805,125.634144517002,108.605007042882,89.2301907753618,74.4472965332903,59.1818293314866,60.5997790461865,63.9498248842901,51.6322883728673,58.2582252063258,61.5408038622631,55.9139061902501,80.5175464847134,97.283579761702,95.3665198990652,91.284926568926,150.474858842742,194.291743837266,228.791187576839,255.347660616359,274.52292991901,275.861469962335,260.345396841084,248.34067738057,229.618705595829,215.354585019747,217.203385535479,218.365323947553,202.295448732691,179.618158597887,189.366268855191,194.414532039722,174.860705298093,61.2551012658228,,,,
,,,,,,,,,,,,,,,,,,,,,,,,,,,,,,,,,,,,,,,,,,,,,,,,,,,,,,,,,,,,,,,,,,,,,,,,,,,,,,62.045,,,,

ID,Column,Variable Name,Data Type,Rank,Missing Value,Dimensions
1,A:AM,sd,Double,2,,ci:79 cj:39
2,AN:BZ,values,Double,2,,ci:79 cj:39
3,CA,lon,Double,1,,i:80
4,CB,lat,Double,1,,j:40
5,CC,years,Int32,1,,t_y:2
6,CD,days,Int32,1,,t_d:2
7,CE,hours,Int32,1,,t_h:2

Variable,Key,Type,Value
0,environmentVariable,String,elev_land
0,timeStamp,DateTime,10/11/2013 12:23:47
0,dataSource,String[],GTOPO30
5,IsIntervals,Boolean,True
6,IsIntervals,Boolean,True
7,IsIntervals,Boolean,True
